<?xml version="1.0" encoding="UTF-8"?>
<project-private xmlns="http://www.netbeans.org/ns/project-private/1">
    <editor-bookmarks xmlns="http://www.netbeans.org/ns/editor-bookmarks/2" lastBookmarkId="0"/>
    <open-files xmlns="http://www.netbeans.org/ns/projectui-open-files/2">
        <group>
            <file>file:/C:/Users/anton/OneDrive/Escritorio/M13/EscritorioHREntrada/src/vistas/MainForm.java</file>
            <file>file:/C:/Users/anton/OneDrive/Escritorio/M13/EscritorioHREntrada/src/vistas/FormUsuario.java</file>
            <file>file:/C:/Users/anton/OneDrive/Escritorio/M13/EscritorioHREntrada/src/vistas/FormUsuarioAdmin.java</file>
        </group>
    </open-files>
</project-private>
